{
  "test": "TC-07 Jobs Async (UI + API + WS)",
  "total": 26,
  "passed": 24,
  "failed": 2,
  "pass_rate": 92.3076923076923,
  "duration_sec": 90.39612770080566,
  "timestamp": "20260714_203603",
  "ws_events_count": 2
}