{
  "test": "TC-07 Jobs Async (UI + API + WS)",
  "total": 23,
  "passed": 22,
  "failed": 1,
  "pass_rate": 95.65217391304348,
  "duration_sec": 42.337380170822144,
  "timestamp": "20260713_213300",
  "ws_events_count": 2
}