{
  "test": "TC-05 Projects CRUD (UI + API)",
  "total": 26,
  "passed": 25,
  "failed": 1,
  "pass_rate": 96.15384615384616,
  "duration_sec": 30.95564579963684,
  "timestamp": "20260713_212647"
}